title,author,views,position
Видеонаблюдение Установка Продажа Настройка Видеокамер IP во Владивостоке,TVi MART ,1490,1
Качественная установка монтаж видеонаблюдения на любой объект во Владивостоке,Primtec,318,2
"ВидеоКИТ - Системы видеонаблюдения, установка, обслуживание во Владивостоке",VideoKIT,193,3
"Установка камер видеонаблюдения, гарантия лучшей цены во Владивостоке",Vizord (Визорд),524,4
Установим Видеодомофон в квартиру или частный дом! Видеонаблюдение во Владивостоке,Подряд,122,5
Установка видеонаблюдения от Vladrec | Монтаж | Обслуживание | СКУД во Владивостоке,VLADREC,204,6
Установка видеонаблюдения. Монтаж Частный мастер во Владивостоке,AndreyVideo2016,116,7
Продажа и установка видеонаблюдения. Монтаж любой сложности! Гарантия во Владивостоке,Точка-Видео,3907,8
Монтаж-установка систем Видеонаблюдения от 1000 руб. Гарантия 3 года во Владивостоке,Точка-Видео,1103,9
Охранно-пожарная синализация/Видеонаблюдение Поставка-Монтаж-Сервис во Владивостоке,Split Hall,305,10
